<?xml version="1.0" encoding="UTF-8"?>
<root versionMajor="1" versionMinor="6">
  <kernel name="FinalBFS_32" language="ip_c" vlnv="mycompany.com:kernel:FinalBFS_32:1.0" attributes="" preferredWorkGroupSizeMultiple="0" workGroupSize="1" interrupt="true" hwControlProtocol="ap_ctrl_hs">
    <ports>
      <port name="s_axi_control" mode="slave" range="0x1000" dataWidth="32" portType="addressable" base="0x0"/>
      <port name="m00_axi" mode="master" range="0xFFFFFFFFFFFFFFFF" dataWidth="128" portType="addressable" base="0x0"/>
      <port name="m01_axi" mode="master" range="0xFFFFFFFFFFFFFFFF" dataWidth="128" portType="addressable" base="0x0"/>
      <port name="m02_axi" mode="master" range="0xFFFFFFFFFFFFFFFF" dataWidth="128" portType="addressable" base="0x0"/>
      <port name="m03_axi" mode="master" range="0xFFFFFFFFFFFFFFFF" dataWidth="128" portType="addressable" base="0x0"/>
      <port name="m04_axi" mode="master" range="0xFFFFFFFFFFFFFFFF" dataWidth="128" portType="addressable" base="0x0"/>
      <port name="m05_axi" mode="master" range="0xFFFFFFFFFFFFFFFF" dataWidth="128" portType="addressable" base="0x0"/>
      <port name="m06_axi" mode="master" range="0xFFFFFFFFFFFFFFFF" dataWidth="128" portType="addressable" base="0x0"/>
      <port name="m07_axi" mode="master" range="0xFFFFFFFFFFFFFFFF" dataWidth="128" portType="addressable" base="0x0"/>
      <port name="m08_axi" mode="master" range="0xFFFFFFFFFFFFFFFF" dataWidth="128" portType="addressable" base="0x0"/>
      <port name="m09_axi" mode="master" range="0xFFFFFFFFFFFFFFFF" dataWidth="128" portType="addressable" base="0x0"/>
      <port name="m10_axi" mode="master" range="0xFFFFFFFFFFFFFFFF" dataWidth="128" portType="addressable" base="0x0"/>
      <port name="m11_axi" mode="master" range="0xFFFFFFFFFFFFFFFF" dataWidth="128" portType="addressable" base="0x0"/>
      <port name="m12_axi" mode="master" range="0xFFFFFFFFFFFFFFFF" dataWidth="128" portType="addressable" base="0x0"/>
      <port name="m13_axi" mode="master" range="0xFFFFFFFFFFFFFFFF" dataWidth="128" portType="addressable" base="0x0"/>
      <port name="m14_axi" mode="master" range="0xFFFFFFFFFFFFFFFF" dataWidth="128" portType="addressable" base="0x0"/>
      <port name="m15_axi" mode="master" range="0xFFFFFFFFFFFFFFFF" dataWidth="128" portType="addressable" base="0x0"/>
      <port name="m16_axi" mode="master" range="0xFFFFFFFFFFFFFFFF" dataWidth="128" portType="addressable" base="0x0"/>
      <port name="m17_axi" mode="master" range="0xFFFFFFFFFFFFFFFF" dataWidth="128" portType="addressable" base="0x0"/>
      <port name="m18_axi" mode="master" range="0xFFFFFFFFFFFFFFFF" dataWidth="128" portType="addressable" base="0x0"/>
      <port name="m19_axi" mode="master" range="0xFFFFFFFFFFFFFFFF" dataWidth="128" portType="addressable" base="0x0"/>
      <port name="m20_axi" mode="master" range="0xFFFFFFFFFFFFFFFF" dataWidth="128" portType="addressable" base="0x0"/>
      <port name="m21_axi" mode="master" range="0xFFFFFFFFFFFFFFFF" dataWidth="128" portType="addressable" base="0x0"/>
      <port name="m22_axi" mode="master" range="0xFFFFFFFFFFFFFFFF" dataWidth="128" portType="addressable" base="0x0"/>
      <port name="m23_axi" mode="master" range="0xFFFFFFFFFFFFFFFF" dataWidth="128" portType="addressable" base="0x0"/>
      <port name="m24_axi" mode="master" range="0xFFFFFFFFFFFFFFFF" dataWidth="128" portType="addressable" base="0x0"/>
      <port name="m25_axi" mode="master" range="0xFFFFFFFFFFFFFFFF" dataWidth="128" portType="addressable" base="0x0"/>
      <port name="m26_axi" mode="master" range="0xFFFFFFFFFFFFFFFF" dataWidth="128" portType="addressable" base="0x0"/>
      <port name="m27_axi" mode="master" range="0xFFFFFFFFFFFFFFFF" dataWidth="128" portType="addressable" base="0x0"/>
      <port name="m28_axi" mode="master" range="0xFFFFFFFFFFFFFFFF" dataWidth="128" portType="addressable" base="0x0"/>
      <port name="m29_axi" mode="master" range="0xFFFFFFFFFFFFFFFF" dataWidth="128" portType="addressable" base="0x0"/>
      <port name="m30_axi" mode="master" range="0xFFFFFFFFFFFFFFFF" dataWidth="128" portType="addressable" base="0x0"/>
      <port name="m31_axi" mode="master" range="0xFFFFFFFFFFFFFFFF" dataWidth="128" portType="addressable" base="0x0"/>
    </ports>
    <args>
      <arg name="csr_c_addr" addressQualifier="0" id="0" port="s_axi_control" size="0x4" offset="0x010" hostOffset="0x0" hostSize="0x4" type="uint"/>
      <arg name="csr_r_addr" addressQualifier="0" id="1" port="s_axi_control" size="0x4" offset="0x018" hostOffset="0x0" hostSize="0x4" type="uint"/>
      <arg name="csc_c_addr" addressQualifier="0" id="2" port="s_axi_control" size="0x4" offset="0x020" hostOffset="0x0" hostSize="0x4" type="uint"/>
      <arg name="csc_r_addr" addressQualifier="0" id="3" port="s_axi_control" size="0x4" offset="0x028" hostOffset="0x0" hostSize="0x4" type="uint"/>
      <arg name="level_addr" addressQualifier="0" id="4" port="s_axi_control" size="0x4" offset="0x030" hostOffset="0x0" hostSize="0x4" type="uint"/>
      <arg name="node_num" addressQualifier="0" id="5" port="s_axi_control" size="0x4" offset="0x038" hostOffset="0x0" hostSize="0x4" type="uint"/>
      <arg name="push_to_pull_level" addressQualifier="0" id="6" port="s_axi_control" size="0x4" offset="0x040" hostOffset="0x0" hostSize="0x4" type="uint"/>
      <arg name="pull_to_push_level" addressQualifier="0" id="7" port="s_axi_control" size="0x4" offset="0x048" hostOffset="0x0" hostSize="0x4" type="uint"/>
      <arg name="if_write" addressQualifier="0" id="8" port="s_axi_control" size="0x4" offset="0x050" hostOffset="0x0" hostSize="0x4" type="uint"/>
      <arg name="axi00_ptr0" addressQualifier="1" id="9" port="m00_axi" size="0x8" offset="0x058" hostOffset="0x0" hostSize="0x8" type="int*"/>
      <arg name="axi01_ptr0" addressQualifier="1" id="10" port="m01_axi" size="0x8" offset="0x064" hostOffset="0x0" hostSize="0x8" type="int*"/>
      <arg name="axi02_ptr0" addressQualifier="1" id="11" port="m02_axi" size="0x8" offset="0x070" hostOffset="0x0" hostSize="0x8" type="int*"/>
      <arg name="axi03_ptr0" addressQualifier="1" id="12" port="m03_axi" size="0x8" offset="0x07c" hostOffset="0x0" hostSize="0x8" type="int*"/>
      <arg name="axi04_ptr0" addressQualifier="1" id="13" port="m04_axi" size="0x8" offset="0x088" hostOffset="0x0" hostSize="0x8" type="int*"/>
      <arg name="axi05_ptr0" addressQualifier="1" id="14" port="m05_axi" size="0x8" offset="0x094" hostOffset="0x0" hostSize="0x8" type="int*"/>
      <arg name="axi06_ptr0" addressQualifier="1" id="15" port="m06_axi" size="0x8" offset="0x0a0" hostOffset="0x0" hostSize="0x8" type="int*"/>
      <arg name="axi07_ptr0" addressQualifier="1" id="16" port="m07_axi" size="0x8" offset="0x0ac" hostOffset="0x0" hostSize="0x8" type="int*"/>
      <arg name="axi08_ptr0" addressQualifier="1" id="17" port="m08_axi" size="0x8" offset="0x0b8" hostOffset="0x0" hostSize="0x8" type="int*"/>
      <arg name="axi09_ptr0" addressQualifier="1" id="18" port="m09_axi" size="0x8" offset="0x0c4" hostOffset="0x0" hostSize="0x8" type="int*"/>
      <arg name="axi10_ptr0" addressQualifier="1" id="19" port="m10_axi" size="0x8" offset="0x0d0" hostOffset="0x0" hostSize="0x8" type="int*"/>
      <arg name="axi11_ptr0" addressQualifier="1" id="20" port="m11_axi" size="0x8" offset="0x0dc" hostOffset="0x0" hostSize="0x8" type="int*"/>
      <arg name="axi12_ptr0" addressQualifier="1" id="21" port="m12_axi" size="0x8" offset="0x0e8" hostOffset="0x0" hostSize="0x8" type="int*"/>
      <arg name="axi13_ptr0" addressQualifier="1" id="22" port="m13_axi" size="0x8" offset="0x0f4" hostOffset="0x0" hostSize="0x8" type="int*"/>
      <arg name="axi14_ptr0" addressQualifier="1" id="23" port="m14_axi" size="0x8" offset="0x100" hostOffset="0x0" hostSize="0x8" type="int*"/>
      <arg name="axi15_ptr0" addressQualifier="1" id="24" port="m15_axi" size="0x8" offset="0x10c" hostOffset="0x0" hostSize="0x8" type="int*"/>
      <arg name="axi16_ptr0" addressQualifier="1" id="25" port="m16_axi" size="0x8" offset="0x118" hostOffset="0x0" hostSize="0x8" type="int*"/>
      <arg name="axi17_ptr0" addressQualifier="1" id="26" port="m17_axi" size="0x8" offset="0x124" hostOffset="0x0" hostSize="0x8" type="int*"/>
      <arg name="axi18_ptr0" addressQualifier="1" id="27" port="m18_axi" size="0x8" offset="0x130" hostOffset="0x0" hostSize="0x8" type="int*"/>
      <arg name="axi19_ptr0" addressQualifier="1" id="28" port="m19_axi" size="0x8" offset="0x13c" hostOffset="0x0" hostSize="0x8" type="int*"/>
      <arg name="axi20_ptr0" addressQualifier="1" id="29" port="m20_axi" size="0x8" offset="0x148" hostOffset="0x0" hostSize="0x8" type="int*"/>
      <arg name="axi21_ptr0" addressQualifier="1" id="30" port="m21_axi" size="0x8" offset="0x154" hostOffset="0x0" hostSize="0x8" type="int*"/>
      <arg name="axi22_ptr0" addressQualifier="1" id="31" port="m22_axi" size="0x8" offset="0x160" hostOffset="0x0" hostSize="0x8" type="int*"/>
      <arg name="axi23_ptr0" addressQualifier="1" id="32" port="m23_axi" size="0x8" offset="0x16c" hostOffset="0x0" hostSize="0x8" type="int*"/>
      <arg name="axi24_ptr0" addressQualifier="1" id="33" port="m24_axi" size="0x8" offset="0x178" hostOffset="0x0" hostSize="0x8" type="int*"/>
      <arg name="axi25_ptr0" addressQualifier="1" id="34" port="m25_axi" size="0x8" offset="0x184" hostOffset="0x0" hostSize="0x8" type="int*"/>
      <arg name="axi26_ptr0" addressQualifier="1" id="35" port="m26_axi" size="0x8" offset="0x190" hostOffset="0x0" hostSize="0x8" type="int*"/>
      <arg name="axi27_ptr0" addressQualifier="1" id="36" port="m27_axi" size="0x8" offset="0x19c" hostOffset="0x0" hostSize="0x8" type="int*"/>
      <arg name="axi28_ptr0" addressQualifier="1" id="37" port="m28_axi" size="0x8" offset="0x1a8" hostOffset="0x0" hostSize="0x8" type="int*"/>
      <arg name="axi29_ptr0" addressQualifier="1" id="38" port="m29_axi" size="0x8" offset="0x1b4" hostOffset="0x0" hostSize="0x8" type="int*"/>
      <arg name="axi30_ptr0" addressQualifier="1" id="39" port="m30_axi" size="0x8" offset="0x1c0" hostOffset="0x0" hostSize="0x8" type="int*"/>
      <arg name="axi31_ptr0" addressQualifier="1" id="40" port="m31_axi" size="0x8" offset="0x1cc" hostOffset="0x0" hostSize="0x8" type="int*"/>
    </args>
  </kernel>
</root>
